{"materials":[{"id":"476","assetBundleId":"-2","data":["Sprites-Default",0,"28",3000,0,[["PixelSnap",0],["_EnableExternalAlpha",0]],[["_Color",1,1,1,1],["_RendererColor",1,1,1,1]],[["_MainTex_ST",1,1,0,0],["_Flip",1,1,1,1],["_AlphaTex_ST",1,1,0,0]],[["_MainTex",null,null],["_AlphaTex",null,null]],[["ETC1_EXTERNAL_ALPHA",1]]]},{"id":"680","assetBundleId":"-2","data":["Default-Skybox",0,"146",1000,0,[["_SunDisk",1],["_SunSize",0.0399999991059303],["_SunSizeConvergence",5],["_AtmosphereThickness",1],["_Exposure",1.29999995231628]],[["_SkyTint",0.5,0.5,0.5,1],["_GroundColor",0.368999987840652,0.349000006914139,0.340999990701675,1]],[],[],[["_SUNDISK_SIMPLE",1]]]},{"id":"684","assetBundleId":"-2","data":["Default-Line",0,"162",3000,0,[["_InvFade",1]],[],[["_MainTex_ST",1,1,0,0]],[["_MainTex",null,null]],[]]}],"shaders":[{"id":"146","assetBundleId":"-2","data":[[],"Skybox/Procedural","0000000000000000f000000000000000",["_SUNDISK_NONE","_SUNDISK_SIMPLE","_SUNDISK_HIGH_QUALITY"],[[0,[4,null],[0,null],[0,null],[[1,null],[0,null],[0,null]],[[1,null],[0,null],[0,null]],[15,null],[0,null],[0,null],[0,null],[255,null],[255,null],[[0,null],[0,null],[0,null],[8,null]],[[0,null],[0,null],[0,null],[8,null]],[[0,null],[0,null],[0,null],[8,null]],[["PREVIEWTYPE","Skybox"],["QUEUE","Background"],["RENDERTYPE","Background"],["LIGHTMODE","ALWAYS"]],["_SUNDISK_NONE","_SUNDISK_SIMPLE","_SUNDISK_HIGH_QUALITY"],[[["_SUNDISK_NONE"],0,1,0],[["_SUNDISK_SIMPLE"],2,3,0],[["_SUNDISK_HIGH_QUALITY"],4,5,0]],0]],[["_SunDisk",2,2,0,0,0,""],["_SunSize",3,0.0399999991059303,0,1,0,""],["_SunSizeConvergence",3,5,1,10,0,""],["_AtmosphereThickness",3,1,0,5,0,""],["_SkyTint",0,0.5,0.5,0.5,1,""],["_GroundColor",0,0.368999987840652,0.349000006914139,0.340999990701675,1,""],["_Exposure",3,1.29999995231628,0,8,0,""]],null,null,0,0]},{"id":"156","assetBundleId":"-2","data":[[],"Legacy Shaders/Particles/Alpha Blended","0000000000000000f000000000000000",["FOG_LINEAR","FOG_EXP","FOG_EXP2"],[[0,[4,null],[0,null],[0,null],[[5,null],[10,null],[0,null]],[[5,null],[10,null],[0,null]],[14,null],[0,null],[0,null],[0,null],[255,null],[255,null],[[0,null],[0,null],[0,null],[8,null]],[[0,null],[0,null],[0,null],[8,null]],[[0,null],[0,null],[0,null],[8,null]],[["IGNOREPROJECTOR","true"],["PREVIEWTYPE","Plane"],["QUEUE","Transparent"],["RENDERTYPE","Transparent"],["LIGHTMODE","ALWAYS"]],["FOG_LINEAR","FOG_EXP","FOG_EXP2"],[[[],6,7,0]],0]],[["_TintColor",0,0.5,0.5,0.5,0.5,""],["_MainTex",4,0,0,0,0,"white"],["_InvFade",3,1,0.00999999977648258,3,0,""]],null,null,0,0]},{"id":"162","assetBundleId":"-2","data":[[],"Legacy Shaders/Particles/Alpha Blended Premultiply","0000000000000000f000000000000000",[],[[0,[4,null],[0,null],[0,null],[[1,null],[10,null],[0,null]],[[1,null],[10,null],[0,null]],[14,null],[0,null],[0,null],[0,null],[255,null],[255,null],[[0,null],[0,null],[0,null],[8,null]],[[0,null],[0,null],[0,null],[8,null]],[[0,null],[0,null],[0,null],[8,null]],[["IGNOREPROJECTOR","true"],["PREVIEWTYPE","Plane"],["QUEUE","Transparent"],["RENDERTYPE","Transparent"],["LIGHTMODE","ALWAYS"]],[],[[[],8,9,0]],0]],[["_MainTex",4,0,0,0,0,"white"],["_InvFade",3,1,0.00999999977648258,3,0,""]],null,null,0,0]},{"id":"150","assetBundleId":"-2","data":[[],"Legacy Shaders/Particles/Additive","0000000000000000f000000000000000",["FOG_LINEAR","FOG_EXP","FOG_EXP2"],[[0,[4,null],[0,null],[0,null],[[5,null],[1,null],[0,null]],[[5,null],[1,null],[0,null]],[14,null],[0,null],[0,null],[0,null],[255,null],[255,null],[[0,null],[0,null],[0,null],[8,null]],[[0,null],[0,null],[0,null],[8,null]],[[0,null],[0,null],[0,null],[8,null]],[["IGNOREPROJECTOR","true"],["PREVIEWTYPE","Plane"],["QUEUE","Transparent"],["RENDERTYPE","Transparent"],["LIGHTMODE","ALWAYS"]],["FOG_LINEAR","FOG_EXP","FOG_EXP2"],[[[],8,10,0]],0]],[["_TintColor",0,0.5,0.5,0.5,0.5,""],["_MainTex",4,0,0,0,0,"white"],["_InvFade",3,1,0.00999999977648258,3,0,""]],null,null,0,0]},{"id":"286","assetBundleId":"-2","data":[[],"Unlit/Transparent","0000000000000000f000000000000000",["FOG_LINEAR","FOG_EXP","FOG_EXP2"],[[0,[4,null],[0,null],[2,null],[[5,null],[10,null],[0,null]],[[5,null],[10,null],[0,null]],[15,null],[0,null],[0,null],[0,null],[255,null],[255,null],[[0,null],[0,null],[0,null],[8,null]],[[0,null],[0,null],[0,null],[8,null]],[[0,null],[0,null],[0,null],[8,null]],[["IGNOREPROJECTOR","true"],["QUEUE","Transparent"],["RENDERTYPE","Transparent"],["LIGHTMODE","ALWAYS"]],["FOG_LINEAR","FOG_EXP","FOG_EXP2"],[[[],11,12,0]],0]],[["_MainTex",4,0,0,0,0,"white"]],null,null,0,0]},{"id":"28","assetBundleId":"-2","data":[[],"Sprites/Default","0000000000000000f000000000000000",["PIXELSNAP_ON"],[[0,[4,null],[0,null],[0,null],[[1,null],[10,null],[0,null]],[[1,null],[10,null],[0,null]],[15,null],[0,null],[0,null],[0,null],[255,null],[255,null],[[0,null],[0,null],[0,null],[8,null]],[[0,null],[0,null],[0,null],[8,null]],[[0,null],[0,null],[0,null],[8,null]],[["CANUSESPRITEATLAS","true"],["IGNOREPROJECTOR","true"],["PREVIEWTYPE","Plane"],["QUEUE","Transparent"],["RENDERTYPE","Transparent"],["LIGHTMODE","ALWAYS"]],["PIXELSNAP_ON"],[[[],13,14,0],[["PIXELSNAP_ON"],15,14,0]],0]],[["_MainTex",4,0,0,0,0,"white"],["_Color",0,1,1,1,1,""],["PixelSnap",2,0,0,0,0,""],["_RendererColor",0,1,1,1,1,""],["_Flip",1,1,1,1,1,""],["_AlphaTex",4,0,0,0,0,"white"],["_EnableExternalAlpha",2,0,0,0,0,""]],null,null,0,0]},{"id":"30","assetBundleId":"-2","data":[[],"UI/Default","0000000000000000f000000000000000",["UNITY_UI_CLIP_RECT","UNITY_UI_ALPHACLIP"],[[0,[0,"unity_GUIZTestMode"],[0,null],[0,null],[[5,null],[10,null],[0,null]],[[5,null],[10,null],[0,null]],[0,"_ColorMask"],[0,null],[0,null],[0,"_Stencil"],[0,"_StencilReadMask"],[0,"_StencilWriteMask"],[[0,"_StencilOp"],[0,null],[0,null],[0,"_StencilComp"]],[[0,null],[0,null],[0,null],[8,null]],[[0,null],[0,null],[0,null],[8,null]],[["CANUSESPRITEATLAS","true"],["IGNOREPROJECTOR","true"],["PREVIEWTYPE","Plane"],["QUEUE","Transparent"],["RENDERTYPE","Transparent"],["LIGHTMODE","ALWAYS"]],["UNITY_UI_CLIP_RECT","UNITY_UI_ALPHACLIP"],[[[],20,21,0],[["UNITY_UI_ALPHACLIP"],20,22,0],[["UNITY_UI_CLIP_RECT"],20,23,0],[["UNITY_UI_ALPHACLIP","UNITY_UI_CLIP_RECT"],20,24,0]],0]],[["_MainTex",4,0,0,0,0,"white"],["_Color",0,1,1,1,1,""],["_StencilComp",2,8,0,0,0,""],["_Stencil",2,0,0,0,0,""],["_StencilOp",2,0,0,0,0,""],["_StencilWriteMask",2,255,0,0,0,""],["_StencilReadMask",2,255,0,0,0,""],["_ColorMask",2,15,0,0,0,""],["_UseUIAlphaClip",2,0,0,0,0,""]],null,null,0,0]},{"id":"64","assetBundleId":"-2","data":[[],"Legacy Shaders/VertexLit","0000000000000000f000000000000000",["SPOT","POINT","FOG_LINEAR","FOG_EXP","FOG_EXP2","SHADOWS_DEPTH"],[[1,[4,null],[1,null],[2,null],[[1,null],[0,null],[0,null]],[[1,null],[0,null],[0,null]],[15,null],[0,null],[0,null],[0,null],[255,null],[255,null],[[0,null],[0,null],[0,null],[8,null]],[[0,null],[0,null],[0,null],[8,null]],[[0,null],[0,null],[0,null],[8,null]],[["LIGHTMODE","Vertex"],["RENDERTYPE","Opaque"]],["SPOT","POINT","FOG_LINEAR","FOG_EXP","FOG_EXP2"],[[[],25,26,0],[["POINT"],27,26,0],[["SPOT"],28,26,0]],0],[2,[4,null],[1,null],[2,null],[[1,null],[0,null],[0,null]],[[1,null],[0,null],[0,null]],[15,null],[0,null],[0,null],[0,null],[255,null],[255,null],[[0,null],[0,null],[0,null],[8,null]],[[0,null],[0,null],[0,null],[8,null]],[[0,null],[0,null],[0,null],[8,null]],[["LIGHTMODE","VertexLM"],["RENDERTYPE","Opaque"]],["FOG_LINEAR","FOG_EXP","FOG_EXP2"],[[[],29,30,0]],0],[8,[4,null],[1,null],[2,null],[[1,null],[0,null],[0,null]],[[1,null],[0,null],[0,null]],[15,null],[0,null],[0,null],[0,null],[255,null],[255,null],[[0,null],[0,null],[0,null],[8,null]],[[0,null],[0,null],[0,null],[8,null]],[[0,null],[0,null],[0,null],[8,null]],[["LIGHTMODE","SHADOWCASTER"],["RENDERTYPE","Opaque"],["SHADOWSUPPORT","true"]],["SHADOWS_DEPTH"],[[["SHADOWS_DEPTH"],31,32,0]],0]],[["_Color",0,1,1,1,1,""],["_SpecColor",0,1,1,1,1,""],["_Emission",0,0,0,0,0,""],["_Shininess",3,0.699999988079071,0.00999999977648258,1,0,""],["_MainTex",4,0,0,0,0,"white"]],null,null,0,0]},{"id":"60","assetBundleId":"-2","data":[["Standard: Tags: \"LIGHTMODE\"=\"SHADOWCASTER\" \"PERFORMANCECHECKS\"=\"False\" \"RENDERTYPE\"=\"Opaque\" \"SHADOWSUPPORT\"=\"true\"\n"],"Standard","0000000000000000f000000000000000",["DIRECTIONAL","LIGHTMAP_ON","DIRLIGHTMAP_COMBINED","LIGHTPROBE_SH","FOG_LINEAR","FOG_EXP","FOG_EXP2","_EMISSION","VERTEXLIGHT_ON","_NORMALMAP","_ALPHATEST_ON","_ALPHABLEND_ON","_ALPHAPREMULTIPLY_ON","_METALLICGLOSSMAP","_DETAIL_MULX2","_SMOOTHNESS_TEXTURE_ALBEDO_CHANNEL_A","_SPECULARHIGHLIGHTS_OFF","_GLOSSYREFLECTIONS_OFF","_PARALLAXMAP","SPOT","DIRECTIONAL_COOKIE","POINT","POINT_COOKIE","SHADOWS_DEPTH"],[[4,[4,null],[0,"_ZWrite"],[2,null],[[0,"_SrcBlend"],[0,"_DstBlend"],[0,null]],[[0,"_SrcBlend"],[0,"_DstBlend"],[0,null]],[15,null],[0,null],[0,null],[0,null],[255,null],[255,null],[[0,null],[0,null],[0,null],[8,null]],[[0,null],[0,null],[0,null],[8,null]],[[0,null],[0,null],[0,null],[8,null]],[["LIGHTMODE","FORWARDBASE"],["PERFORMANCECHECKS","False"],["RENDERTYPE","Opaque"],["SHADOWSUPPORT","true"]],["DIRECTIONAL","LIGHTMAP_ON","DIRLIGHTMAP_COMBINED","LIGHTPROBE_SH","FOG_LINEAR","FOG_EXP","FOG_EXP2","_EMISSION","VERTEXLIGHT_ON","_NORMALMAP","_ALPHATEST_ON","_ALPHABLEND_ON","_ALPHAPREMULTIPLY_ON","_METALLICGLOSSMAP","_DETAIL_MULX2","_SMOOTHNESS_TEXTURE_ALBEDO_CHANNEL_A","_SPECULARHIGHLIGHTS_OFF","_GLOSSYREFLECTIONS_OFF","_PARALLAXMAP"],[[["DIRECTIONAL"],33,34,0],[["DIRECTIONAL","LIGHTPROBE_SH"],35,36,0],[["DIRECTIONAL","VERTEXLIGHT_ON"],33,34,0],[["DIRECTIONAL","LIGHTPROBE_SH","VERTEXLIGHT_ON"],37,36,0]],0],[5,[4,null],[0,null],[2,null],[[0,"_SrcBlend"],[1,null],[0,null]],[[0,"_SrcBlend"],[1,null],[0,null]],[15,null],[0,null],[0,null],[0,null],[255,null],[255,null],[[0,null],[0,null],[0,null],[8,null]],[[0,null],[0,null],[0,null],[8,null]],[[0,null],[0,null],[0,null],[8,null]],[["LIGHTMODE","FORWARDADD"],["PERFORMANCECHECKS","False"],["RENDERTYPE","Opaque"],["SHADOWSUPPORT","true"]],["SPOT","DIRECTIONAL","DIRECTIONAL_COOKIE","POINT","POINT_COOKIE","SHADOWS_DEPTH","FOG_LINEAR","FOG_EXP","FOG_EXP2","_NORMALMAP","_ALPHATEST_ON","_ALPHABLEND_ON","_ALPHAPREMULTIPLY_ON","_METALLICGLOSSMAP","_SMOOTHNESS_TEXTURE_ALBEDO_CHANNEL_A","_SPECULARHIGHLIGHTS_OFF","_DETAIL_MULX2","_PARALLAXMAP"],[[["POINT"],38,39,0],[["DIRECTIONAL"],40,41,0],[["SPOT"],42,43,0],[["POINT_COOKIE"],38,44,0],[["DIRECTIONAL_COOKIE"],45,46,0],[["SHADOWS_DEPTH","SPOT"],42,47,0]],0],[8,[4,null],[1,null],[2,null],[[1,null],[0,null],[0,null]],[[1,null],[0,null],[0,null]],[15,null],[0,null],[0,null],[0,null],[255,null],[255,null],[[0,null],[0,null],[0,null],[8,null]],[[0,null],[0,null],[0,null],[8,null]],[[0,null],[0,null],[0,null],[8,null]],[["LIGHTMODE","SHADOWCASTER"],["PERFORMANCECHECKS","False"],["RENDERTYPE","Opaque"],["SHADOWSUPPORT","true"]],["SHADOWS_DEPTH","_ALPHATEST_ON","_ALPHABLEND_ON","_ALPHAPREMULTIPLY_ON","_METALLICGLOSSMAP","_SMOOTHNESS_TEXTURE_ALBEDO_CHANNEL_A","_PARALLAXMAP"],[],0]],[["_Color",0,1,1,1,1,""],["_MainTex",4,0,0,0,0,"white"],["_Cutoff",3,0.5,0,1,0,""],["_Glossiness",3,0.5,0,1,0,""],["_GlossMapScale",3,1,0,1,0,""],["_SmoothnessTextureChannel",2,0,0,0,0,""],["_Metallic",3,0,0,1,0,""],["_MetallicGlossMap",4,0,0,0,0,"white"],["_SpecularHighlights",2,1,0,0,0,""],["_GlossyReflections",2,1,0,0,0,""],["_BumpScale",2,1,0,0,0,""],["_BumpMap",4,0,0,0,0,"bump"],["_Parallax",3,0.0199999995529652,0.00499999988824129,0.0799999982118607,0,""],["_ParallaxMap",4,0,0,0,0,"black"],["_OcclusionStrength",3,1,0,1,0,""],["_OcclusionMap",4,0,0,0,0,"white"],["_EmissionColor",0,0,0,0,1,""],["_EmissionMap",4,0,0,0,0,"white"],["_DetailMask",4,0,0,0,0,"white"],["_DetailAlbedoMap",4,0,0,0,0,"grey"],["_DetailNormalMapScale",2,1,0,0,0,""],["_DetailNormalMap",4,0,0,0,0,"bump"],["_UVSec",2,0,0,0,0,""],["_Mode",2,0,0,0,0,""],["_SrcBlend",2,1,0,0,0,""],["_DstBlend",2,0,0,0,0,""],["_ZWrite",2,1,0,0,0,""]],0,"64",0,0]}],"cubemaps":[{"id":"2515830","type":2,"path":"Assets/03_MergeHyperCat/Scenes/1.unity/PrefilteredEnvironment.exr","assetBundleId":"-2","data":["","-4241296",8,0,128,0,2,1,[0,0,0.25,0.5,0,0.5,0.25,1,0.25,0,0.5,0.5,0.25,0.5,0.5,1,0.5,0,0.75,0.5,0.75,0,1,0.5,0.5,0.5,0.625,0.75,0.5,0.75,0.625,1,0.625,0.5,0.75,0.75,0.625,0.75,0.75,1,0.75,0.5,0.875,0.75,0.875,0.5,1,0.75,0.75,0.75,0.8125,0.875,0.75,0.875,0.8125,1,0.8125,0.75,0.875,0.875,0.8125,0.875,0.875,1,0.875,0.75,0.9375,0.875,0.9375,0.75,1,0.875,0.875,0.875,0.90625,0.9375,0.875,0.9375,0.90625,1,0.90625,0.875,0.9375,0.9375,0.90625,0.9375,0.9375,1,0.9375,0.875,0.96875,0.9375,0.96875,0.875,1,0.9375,0.9375,0.9375,0.953125,0.96875,0.9375,0.96875,0.953125,1,0.953125,0.9375,0.96875,0.96875,0.953125,0.96875,0.96875,1,0.96875,0.9375,0.984375,0.96875,0.984375,0.9375,1,0.96875,0.96875,0.96875,0.9765625,0.984375,0.96875,0.984375,0.9765625,1,0.9765625,0.96875,0.984375,0.984375,0.9765625,0.984375,0.984375,1,0.984375,0.96875,0.9921875,0.984375,0.9921875,0.96875,1,0.984375,0.984375,0.984375,0.98828125,0.9921875,0.984375,0.9921875,0.98828125,1,0.98828125,0.984375,0.9921875,0.9921875,0.98828125,0.9921875,0.9921875,1,0.9921875,0.984375,0.99609375,0.9921875,0.99609375,0.984375,1,0.9921875,0.9921875,0.9921875,0.994140625,0.99609375,0.9921875,0.99609375,0.994140625,1,0.994140625,0.9921875,0.99609375,0.99609375,0.994140625,0.99609375,0.99609375,1,0.99609375,0.9921875,0.998046875,0.99609375,0.998046875,0.9921875,1,0.99609375]]}],"resources":[{"id":"resources","assetBundleId":"-2","data":[[["unity_builtin_extra",0,"30"],["unity_builtin_extra",0,"60"],["unity_builtin_extra",0,"28"],["unity_builtin_extra",12,"476"],["unity_builtin_extra",0,"156"],["unity_builtin_extra",0,"150"],["unity_builtin_extra",0,"162"],["unity_builtin_extra",12,"684"],["unity_builtin_extra",0,"146"],["unity_builtin_extra",12,"680"],["dotweensettings",48,"126860"]],[]]}],"project-settings":[{"id":"-1","assetBundleId":"-2","data":[[["EventSystem",-1000]],[[0,"Default",0]],[[0,"Default"],[1,"TransparentFX"],[2,"Ignore Raycast"],[4,"Water"],[5,"UI"],[8,"GroundFake"],[9,"Player"],[10,"AttackPlayer"]],[0.0199999995529652,0.333333343267441,1,0.0299999993294477],[0,-9.8100004196167,0,6,2,0,1,[[0,0,0],[0,0,1],[0,0,2],[0,0,4],[0,0,5],[0,0,8],[0,0,9],[0,0,10],[0,1,0],[0,1,1],[0,1,2],[0,1,4],[0,1,5],[0,1,8],[0,1,9],[0,1,10],[0,2,0],[0,2,1],[0,2,2],[0,2,4],[0,2,5],[0,2,8],[0,2,9],[0,2,10],[0,4,0],[0,4,1],[0,4,2],[0,4,4],[0,4,5],[0,4,8],[0,4,9],[0,4,10],[0,5,0],[0,5,1],[0,5,2],[0,5,4],[0,5,5],[0,5,8],[0,5,9],[0,5,10],[0,8,0],[0,8,1],[0,8,2],[0,8,4],[0,8,5],[0,8,8],[0,8,9],[0,8,10],[0,9,0],[0,9,1],[0,9,2],[0,9,4],[0,9,5],[0,9,8],[0,9,9],[0,9,10],[0,10,0],[0,10,1],[0,10,2],[0,10,4],[0,10,5],[0,10,8],[0,10,9],[0,10,10]]],[null,null,0,-9.8100004196167,3,8,1,0.200000002980232,8,0,0,0.5,0.00999999977648258,2,0.00999999977648258,1,1,1,1,1,0,[[0,0,0],[0,0,1],[0,0,2],[0,0,4],[0,0,5],[0,0,8],[0,0,9],[0,0,10],[0,1,0],[0,1,1],[0,1,2],[0,1,4],[0,1,5],[0,1,8],[0,1,9],[0,1,10],[0,2,0],[0,2,1],[0,2,2],[0,2,4],[0,2,5],[0,2,8],[0,2,9],[0,2,10],[0,4,0],[0,4,1],[0,4,2],[0,4,4],[0,4,5],[0,4,8],[0,4,9],[0,4,10],[0,5,0],[0,5,1],[0,5,2],[0,5,4],[0,5,5],[0,5,8],[0,5,9],[0,5,10],[0,8,0],[0,8,1],[0,8,2],[0,8,4],[0,8,5],[0,8,8],[0,8,9],[0,8,10],[0,9,0],[0,9,1],[0,9,2],[0,9,4],[0,9,5],[0,9,8],[0,9,9],[0,9,10],[0,10,0],[0,10,1],[0,10,2],[0,10,4],[0,10,5],[0,10,8],[0,10,9],[0,10,10]]],[[[[],["Very Low","Low","Medium","High","Very High","Ultra"],0,0,0,0.300000011920929,1,15,0,1,0,0,0,0,0,1,2,4,0,0,0.333333343267441,0.0666666701436043,0.200000002980232,0.466666668653488,0,0,16,2,0,3,512,0,1,2,512,1,1024,0],[[],["Very Low","Low","Medium","High","Very High","Ultra"],0,0,0,0.400000005960464,1,20,0,1,0,0,0,0,0,0,2,16,0,0,0.333333343267441,0.0666666701436043,0.200000002980232,0.466666668653488,0,0,16,2,0,3,512,0,1,2,512,1,1024,1],[[],["Very Low","Low","Medium","High","Very High","Ultra"],1,1,0,0.699999988079071,1,20,0,1,0,0,0,0,0,0,2,64,1,0,0.333333343267441,0.0666666701436043,0.200000002980232,0.466666668653488,0,1,16,2,0,3,512,0,1,2,512,1,1024,2],[[],["Very Low","Low","Medium","High","Very High","Ultra"],2,1,0,1,2,40,1,1,1,0,1,0,0,0,2,256,2,1,0.333333343267441,0.0666666701436043,0.200000002980232,0.466666668653488,0,1,16,2,1,3,512,0,1,2,512,1,1024,3],[[],["Very Low","Low","Medium","High","Very High","Ultra"],2,2,2,1.5,2,70,1,1,2,1,1,0,0,0,2,1024,3,1,0.333333343267441,0.0666666701436043,0.200000002980232,0.466666668653488,0,1,16,2,1,3,512,0,1,2,512,1,1024,4],[[],["Very Low","Low","Medium","High","Very High","Ultra"],2,2,2,2,4,150,1,1,2,1,1,0,0,0,2,4096,4,1,0.333333343267441,0.0666666701436043,0.200000002980232,0.466666668653488,0,1,16,2,1,3,512,0,1,2,512,1,1024,5]],["Very Low","Low","Medium","High","Very High","Ultra"],2,2,2,2,4,150,1,1,2,1,1,0,0,0,2,4096,4,1,0.333333343267441,0.0666666701436043,0.200000002980232,0.466666668653488,0,1,16,2,1,3,512,0,1,2,512,1,1024,5],0,1,0,2,0]}]}